SAL20001,4,0
SAL20002,9088,425
SAL20003,3925,440
SAL20004,7,0
SAL20005,146,271
SAL20006,0,0
SAL20007,83,300
SAL20008,65,150
SAL20009,85,0
SAL20010,61,195
SAL20011,7982,420
SAL20012,0,0
SAL20013,979,350
SAL20014,160,330
SAL20015,8173,401
SAL20016,0,0
SAL20017,5641,325
SAL20018,6044,590
SAL20019,297,255
SAL20020,76,210
SAL20021,4334,301
SAL20022,2801,240
SAL20023,11822,365
SAL20024,24,0
SAL20025,96,100
SAL20026,61,260
SAL20027,297,340
SAL20028,1410,268
SAL20029,185,187
SAL20030,168,263
SAL20031,195,275
SAL20032,31,0
SAL20033,66,275
SAL20034,5702,451
SAL20035,11490,385
SAL20036,18479,341
SAL20037,12962,400
SAL20038,141,250
SAL20039,63,200
SAL20040,4,0
SAL20041,223,233
SAL20042,734,300
SAL20043,99,295
SAL20044,26,260
SAL20045,31,0
SAL20046,3208,405
SAL20047,40,0
SAL20048,53,0
SAL20049,1790,300
SAL20050,12,50
SAL20051,38,194
SAL20052,329,113
SAL20053,8500,250
SAL20054,92,231
SAL20055,0,0
SAL20056,212,200
SAL20057,95,425
SAL20058,23,0
SAL20059,12,225
SAL20060,16,0
SAL20061,32,300
SAL20062,3170,340
SAL20063,497,220
SAL20064,18,0
SAL20065,272,255
SAL20066,9368,421
SAL20067,90,175
SAL20068,11247,420
SAL20069,56,100
SAL20070,19,154
SAL20071,478,218
SAL20072,414,435
SAL20073,93,240
SAL20074,2571,350
SAL20075,15197,370
SAL20076,242,357
SAL20077,7952,455
SAL20078,7154,391
SAL20079,7285,460
SAL20080,6427,496
SAL20081,147,231
SAL20082,3309,358
SAL20083,3,0
SAL20084,5,0
SAL20085,255,398
SAL20086,1112,300
SAL20087,1356,210
SAL20088,8,0
SAL20089,12388,400
SAL20090,42,295
SAL20091,844,356
SAL20092,452,270
SAL20093,984,330
SAL20094,39,200
SAL20095,7808,330
SAL20096,347,260
SAL20097,1610,323
SAL20098,10,0
SAL20099,355,400
SAL20100,39,210
SAL20101,56,175
SAL20102,120,275
SAL20103,7905,270
SAL20104,180,313
SAL20105,5392,386
SAL20106,114,230
SAL20107,59,300
SAL20108,3392,330
SAL20109,71,150
SAL20110,19,80
SAL20111,5378,300
SAL20112,5937,290
SAL20113,4041,285
SAL20114,120,120
SAL20115,254,300
SAL20116,199,410
SAL20117,77,114
SAL20118,135,260
SAL20119,281,100
SAL20120,2371,480
SAL20121,471,423
SAL20122,9,0
SAL20123,13495,451
SAL20124,21302,554
SAL20125,491,213
SAL20126,282,160
SAL20127,115,300
SAL20128,44,275
SAL20129,855,380
SAL20130,62,200
SAL20131,749,176
SAL20132,78,230
SAL20133,6470,390
SAL20134,22,0
SAL20135,27,0
SAL20136,3041,355
SAL20137,82,165
SAL20138,185,323
SAL20139,11,250
SAL20140,141,253
SAL20141,487,250
SAL20142,49,0
SAL20143,41,0
SAL20144,229,190
SAL20145,12,100
SAL20146,987,293
SAL20147,188,210
SAL20148,149,298
SAL20149,458,300
SAL20150,291,370
SAL20151,247,301
SAL20152,22,0
SAL20153,11,220
SAL20154,45,235
SAL20155,5,0
SAL20156,39,268
SAL20157,33,0
SAL20158,10,0
SAL20159,96,200
SAL20160,269,250
SAL20161,136,230
SAL20162,4353,450
SAL20163,23,0
SAL20164,405,225
SAL20165,1141,325
SAL20166,76,250
SAL20167,0,0
SAL20168,30,0
SAL20169,2166,360
SAL20170,22,0
SAL20171,445,425
SAL20172,95,305
SAL20173,12262,375
SAL20174,9014,360
SAL20175,7267,390
SAL20176,2997,368
SAL20177,213,130
SAL20178,167,185
SAL20179,53,125
SAL20180,44,185
SAL20181,1712,250
SAL20182,13947,612
SAL20183,24,0
SAL20184,394,220
SAL20185,125,185
SAL20186,4274,300
SAL20187,17,340
SAL20188,3894,401
SAL20189,1398,373
SAL20190,1670,450
SAL20191,5602,340
SAL20192,5083,350
SAL20193,169,350
SAL20194,5,0
SAL20195,1346,380
SAL20196,393,308
SAL20197,59,0
SAL20198,1996,375
SAL20199,0,0
SAL20200,151,525
SAL20201,15066,350
SAL20202,72,220
SAL20203,303,285
SAL20204,10822,250
SAL20205,173,150
SAL20206,69,0
SAL20207,267,300
SAL20208,5652,290
SAL20209,109,158
SAL20210,93,300
SAL20211,56,0
SAL20212,138,417
SAL20213,42,0
SAL20214,17921,480
SAL20215,30159,500
SAL20216,9,0
SAL20217,165,300
SAL20218,52,20
SAL20219,194,250
SAL20220,35,180
SAL20221,180,150
SAL20222,37,200
SAL20223,174,205
SAL20224,50298,400
SAL20225,113,140
SAL20226,135,228
SAL20227,84,125
SAL20228,13,0
SAL20229,485,260
SAL20230,101,193
SAL20231,312,78
SAL20232,337,150
SAL20233,4642,400
SAL20234,8,0
SAL20235,281,280
SAL20236,38,275
SAL20237,60,185
SAL20238,61,0
SAL20239,0,0
SAL20240,11,50
SAL20241,49,0
SAL20242,134,250
SAL20243,8,0
SAL20244,694,155
SAL20245,9,0
SAL20246,748,300
SAL20247,942,300
SAL20248,4276,366
SAL20249,2124,290
SAL20250,274,200
SAL20251,6389,541
SAL20252,14478,411
SAL20253,7627,431
SAL20254,10939,410
SAL20255,38,0
SAL20256,387,305
SAL20257,2786,400
SAL20258,43,250
SAL20259,237,325
SAL20260,1290,360
SAL20261,82,150
SAL20262,25,175
SAL20263,100,300
SAL20264,84,180
SAL20265,8,180
SAL20266,88,0
SAL20267,93,175
SAL20268,19,150
SAL20269,14,0
SAL20270,307,200
SAL20271,4,0
SAL20272,185,550
SAL20273,15,0
SAL20274,647,220
SAL20275,48,250
SAL20276,107,285
SAL20277,52,0
SAL20278,6855,391
SAL20279,610,225
SAL20280,314,400
SAL20281,48,0
SAL20282,333,381
SAL20283,666,296
SAL20284,949,398
SAL20285,159,210
SAL20286,0,0
SAL20287,5,0
SAL20288,1023,218
SAL20289,147,2077
SAL20290,9,0
SAL20291,38,100
SAL20292,14,150
SAL20293,18,350
SAL20294,142,250
SAL20295,135,300
SAL20296,13,0
SAL20297,53,215
SAL20298,166,225
SAL20299,54,92
SAL20300,940,180
SAL20301,108,461
SAL20302,79,290
SAL20303,33,65
SAL20304,23607,376
SAL20305,59,300
SAL20306,85,220
SAL20307,6739,404
SAL20308,154,162
SAL20309,209,295
SAL20310,51,200
SAL20311,42,260
SAL20312,106,160
SAL20313,44,0
SAL20314,14353,381
SAL20315,12337,425
SAL20316,8491,425
SAL20317,19,0
SAL20318,12,0
SAL20319,46,73
SAL20320,25,504
SAL20321,94,0
SAL20322,304,170
SAL20323,14,0
SAL20324,9682,312
SAL20325,39,168
SAL20326,1060,300
SAL20327,151,389
SAL20328,29,125
SAL20329,47,250
SAL20330,1133,250
SAL20331,3220,411
SAL20332,117,200
SAL20333,133,115
SAL20334,54,345
SAL20335,341,215
SAL20336,2620,300
SAL20337,23252,600
SAL20338,16757,600
SAL20339,181,165
SAL20340,11,0
SAL20341,56,225
SAL20342,80,115
SAL20343,6,0
SAL20344,42,140
SAL20345,4592,314
SAL20346,12524,331
SAL20347,75,115
SAL20348,29,735
SAL20349,45,70
SAL20350,46,0
SAL20351,10782,350
SAL20352,1979,391
SAL20353,16,100
SAL20354,213,200
SAL20355,65,0
SAL20356,4489,290
SAL20357,99,200
SAL20358,114,250
SAL20359,127,100
SAL20360,0,0
SAL20361,24896,441
SAL20362,13279,421
SAL20363,14746,366
SAL20364,820,250
SAL20365,112,210
SAL20366,201,158
SAL20367,102,125
SAL20368,156,275
SAL20369,228,360
SAL20370,21,115
SAL20371,52,100
SAL20372,0,0
SAL20373,146,100
SAL20374,0,0
SAL20375,284,260
SAL20376,285,130
SAL20377,104,250
SAL20378,5,0
SAL20379,0,0
SAL20380,19,0
SAL20381,668,348
SAL20382,19,330
SAL20383,77,245
SAL20384,89,350
SAL20385,48,0
SAL20386,11219,459
SAL20387,714,300
SAL20388,63,250
SAL20389,45,315
SAL20390,551,258
SAL20391,182,250
SAL20392,101,285
SAL20393,313,275
SAL20394,229,233
SAL20395,512,350
SAL20396,42,285
SAL20397,0,0
SAL20398,61,450
SAL20399,28068,381
SAL20400,63,160
SAL20401,65,200
SAL20402,32,348
SAL20403,93,200
SAL20404,302,245
SAL20405,29,0
SAL20406,44,210
SAL20407,0,0
SAL20408,18,375
SAL20409,3797,305
SAL20410,270,335
SAL20411,3131,320
SAL20412,95,414
SAL20413,0,0
SAL20414,14,0
SAL20415,20,0
SAL20416,47,165
SAL20417,37,340
SAL20418,794,440
SAL20419,5800,400
SAL20420,6377,411
SAL20421,36,0
SAL20422,241,253
SAL20423,24,291
SAL20424,24,0
SAL20425,249,135
SAL20426,15147,411
SAL20427,10675,439
SAL20428,596,350
SAL20429,49,300
SAL20430,7,0
SAL20431,591,348
SAL20432,129,110
SAL20433,134,325
SAL20434,160,300
SAL20435,117,210
SAL20436,161,230
SAL20437,482,250
SAL20438,10,200
SAL20439,52,250
SAL20440,25,0
SAL20441,10038,400
SAL20442,0,0
SAL20443,181,269
SAL20444,4476,251
SAL20445,178,100
SAL20446,45,190
SAL20447,391,200
SAL20448,42,270
SAL20449,10,145
SAL20450,30,178
SAL20451,186,263
SAL20452,0,0
SAL20453,21965,486
SAL20454,292,260
SAL20455,4977,320
SAL20456,21,175
SAL20457,2071,320
SAL20458,50,220
SAL20459,51,200
SAL20460,3354,240
SAL20461,4098,300
SAL20462,4,0
SAL20463,82,260
SAL20464,197,120
SAL20465,16,110
SAL20466,650,313
SAL20467,45,110
SAL20468,7800,515
SAL20469,151,283
SAL20470,148,180
SAL20471,5,250
SAL20472,34,351
SAL20473,1111,300
SAL20474,569,359
SAL20475,2301,340
SAL20476,5246,350
SAL20477,54,175
SAL20478,61,175
SAL20479,3,0
SAL20480,256,150
SAL20481,60,160
SAL20482,40,0
SAL20483,67,120
SAL20484,97,120
SAL20485,1064,350
SAL20486,957,300
SAL20487,342,390
SAL20488,847,200
SAL20489,38,0
SAL20490,26,85
SAL20491,16,185
SAL20492,1192,223
SAL20493,168,200
SAL20494,382,275
SAL20495,16055,365
SAL20496,6177,552
SAL20497,82,200
SAL20498,17909,395
SAL20499,171,180
SAL20500,24488,400
SAL20501,115,200
SAL20502,100,250
SAL20503,129,250
SAL20504,42,0
SAL20505,43,120
SAL20506,18,0
SAL20507,4239,406
SAL20508,21976,370
SAL20509,68,118
SAL20510,197,200
SAL20511,21,0
SAL20512,257,420
SAL20513,1673,160
SAL20514,85,430
SAL20515,139,250
SAL20516,7506,300
SAL20517,297,210
SAL20518,110,138
SAL20519,27,331
SAL20520,14,0
SAL20521,5748,475
SAL20522,1293,320
SAL20523,16903,422
SAL20524,12328,496
SAL20525,59,50
SAL20526,366,175
SAL20527,266,250
SAL20528,9552,421
SAL20529,0,0
SAL20530,0,0
SAL20531,42,0
SAL20532,42,0
SAL20533,2612,415
SAL20534,82,245
SAL20535,1095,200
SAL20536,49,462
SAL20537,8347,375
SAL20538,5393,412
SAL20539,23992,430
SAL20540,60,100
SAL20541,68,300
SAL20542,3,0
SAL20543,213,115
SAL20544,0,0
SAL20545,204,200
SAL20546,85,123
SAL20547,763,300
SAL20548,50,800
SAL20549,91,130
SAL20550,3,80
SAL20551,1580,260
SAL20552,77,140
SAL20553,3,100
SAL20554,17,0
SAL20555,111,450
SAL20556,11779,443
SAL20557,8,0
SAL20558,61,200
SAL20559,365,353
SAL20560,981,361
SAL20561,4924,230
SAL20562,0,0
SAL20563,13,0
SAL20564,163,350
SAL20565,35,280
SAL20566,7441,394
SAL20567,303,345
SAL20568,75,185
SAL20569,18988,400
SAL20570,13381,381
SAL20571,57,120
SAL20572,352,372
SAL20573,252,300
SAL20574,6606,550
SAL20575,7646,350
SAL20576,347,475
SAL20577,15,0
SAL20578,178,235
SAL20579,25,0
SAL20580,1844,220
SAL20581,11177,401
SAL20582,31681,410
SAL20583,133,255
SAL20584,62,195
SAL20585,55,0
SAL20586,245,240
SAL20587,104,568
SAL20588,0,0
SAL20589,0,0
SAL20590,3601,370
SAL20591,1804,220
SAL20592,6148,250
SAL20593,232,320
SAL20594,72,0
SAL20595,58,0
SAL20596,26574,430
SAL20597,8327,401
SAL20598,4,0
SAL20599,9,0
SAL20600,4408,370
SAL20601,0,0
SAL20602,37,50
SAL20603,80,0
SAL20604,2415,185
SAL20605,409,320
SAL20606,0,0
SAL20607,9243,260
SAL20608,61,200
SAL20609,168,230
SAL20610,89,230
SAL20611,285,200
SAL20612,41,200
SAL20613,2199,371
SAL20614,1062,140
SAL20615,305,120
SAL20616,9179,425
SAL20617,7,0
SAL20618,146,230
SAL20619,104,206
SAL20620,620,295
SAL20621,953,365
SAL20622,23,0
SAL20623,38,0
SAL20624,3193,335
SAL20625,94,250
SAL20626,134,320
SAL20627,308,300
SAL20628,229,210
SAL20629,30,0
SAL20630,18,0
SAL20631,311,180
SAL20632,42,140
SAL20633,220,250
SAL20634,33,115
SAL20635,10,0
SAL20636,171,213
SAL20637,88,215
SAL20638,131,200
SAL20639,1181,320
SAL20640,15497,280
SAL20641,27,0
SAL20642,43,0
SAL20643,94,290
SAL20644,1108,281
SAL20645,161,210
SAL20646,358,230
SAL20647,17,225
SAL20648,1352,200
SAL20649,119,140
SAL20650,50,200
SAL20651,53,200
SAL20652,70,50
SAL20653,20,100
SAL20654,609,260
SAL20655,0,0
SAL20656,33,370
SAL20657,6593,331
SAL20658,34,200
SAL20659,389,215
SAL20660,62,0
SAL20661,65178,380
SAL20662,21281,342
SAL20663,24679,400
SAL20664,24683,385
SAL20665,3241,470
SAL20666,19969,375
SAL20667,34,180
SAL20668,39,0
SAL20669,162,250
SAL20670,2158,550
SAL20671,176,250
SAL20672,3279,275
SAL20673,55,300
SAL20674,3343,340
SAL20675,0,0
SAL20676,5,0
SAL20677,27,180
SAL20678,235,265
SAL20679,161,350
SAL20680,72,119
SAL20681,70,250
SAL20682,28608,380
SAL20683,4839,491
SAL20684,8092,410
SAL20685,4759,410
SAL20686,15,200
SAL20687,311,225
SAL20688,254,130
SAL20689,86,55
SAL20690,31,65
SAL20691,36,195
SAL20692,81,105
SAL20693,15,0
SAL20694,10,270
SAL20695,25,75
SAL20696,125,190
SAL20697,4175,405
SAL20698,20,60
SAL20699,69,196
SAL20700,398,230
SAL20701,403,271
SAL20702,6762,323
SAL20703,142,300
SAL20704,57,0
SAL20705,0,0
SAL20706,843,280
SAL20707,30127,319
SAL20708,22550,341
SAL20709,125,245
SAL20710,8,0
SAL20711,105,160
SAL20712,9190,320
SAL20713,46,0
SAL20714,84,155
SAL20715,759,307
SAL20716,402,261
SAL20717,12,0
SAL20718,299,153
SAL20719,130,200
SAL20720,40,230
SAL20721,2781,331
SAL20722,132,260
SAL20723,368,288
SAL20724,654,401
SAL20725,12,50
SAL20726,198,162
SAL20727,210,450
SAL20728,2101,501
SAL20729,18145,350
SAL20730,5408,310
SAL20731,8077,350
SAL20732,13,150
SAL20733,37,220
SAL20734,41,0
SAL20735,19,0
SAL20736,453,200
SAL20737,1994,370
SAL20738,148,350
SAL20739,0,0
SAL20740,18,92
SAL20741,664,300
SAL20742,57,130
SAL20743,8651,400
SAL20744,99,320
SAL20745,386,170
SAL20746,208,245
SAL20747,14,0
SAL20748,1551,392
SAL20749,352,250
SAL20750,151,300
SAL20751,369,215
SAL20752,12503,430
SAL20753,122,120
SAL20754,5669,397
SAL20755,78,200
SAL20756,1635,170
SAL20757,195,100
SAL20758,10495,450
SAL20759,99,215
SAL20760,128,269
SAL20761,148,245
SAL20762,344,330
SAL20763,33,346
SAL20764,106,250
SAL20765,59,195
SAL20766,15495,411
SAL20767,13,0
SAL20768,61,258
SAL20769,586,270
SAL20770,1472,180
SAL20771,25020,450
SAL20772,30926,462
SAL20773,2100,401
SAL20774,12644,450
SAL20775,13,92
SAL20776,250,150
SAL20777,333,210
SAL20778,51,185
SAL20779,27122,397
SAL20780,21,100
SAL20781,0,0
SAL20782,74,0
SAL20783,9603,320
SAL20784,77,350
SAL20785,28,0
SAL20786,101,225
SAL20787,46,160
SAL20788,6626,380
SAL20789,19,0
SAL20790,15287,330
SAL20791,177,298
SAL20792,343,313
SAL20793,361,193
SAL20794,41,320
SAL20795,160,180
SAL20796,571,331
SAL20797,42,100
SAL20798,294,380
SAL20799,203,230
SAL20800,119,190
SAL20801,41,321
SAL20802,4976,340
SAL20803,47,0
SAL20804,455,268
SAL20805,90,400
SAL20806,18,0
SAL20807,83,200
SAL20808,52,255
SAL20809,688,220
SAL20810,36,0
SAL20811,15,160
SAL20812,259,175
SAL20813,899,192
SAL20814,70,0
SAL20815,12,230
SAL20816,408,412
SAL20817,60,115
SAL20818,32,500
SAL20819,0,0
SAL20820,91,210
SAL20821,23,0
SAL20822,1306,310
SAL20823,5538,265
SAL20824,13,0
SAL20825,3960,453
SAL20826,82,0
SAL20827,1352,250
SAL20828,2246,295
SAL20829,4012,350
SAL20830,4896,480
SAL20831,210,75
SAL20832,66,231
SAL20833,906,300
SAL20834,47,0
SAL20835,13,250
SAL20836,2855,370
SAL20837,110,100
SAL20838,15056,285
SAL20839,577,250
SAL20840,442,350
SAL20841,222,200
SAL20842,113,180
SAL20843,1194,381
SAL20844,937,165
SAL20845,103,0
SAL20846,60,263
SAL20847,109,150
SAL20848,6276,429
SAL20849,206,200
SAL20850,944,250
SAL20851,232,166
SAL20852,382,225
SAL20853,39,0
SAL20854,57,0
SAL20855,118,150
SAL20856,0,0
SAL20857,206,280
SAL20858,157,141
SAL20859,3260,290
SAL20860,229,225
SAL20861,185,97
SAL20862,847,220
SAL20863,633,203
SAL20864,10887,441
SAL20865,18847,440
SAL20866,6830,512
SAL20867,15153,415
SAL20868,5890,400
SAL20869,37,203
SAL20870,376,320
SAL20871,24455,375
SAL20872,574,285
SAL20873,23,0
SAL20874,3,0
SAL20875,155,150
SAL20876,29,0
SAL20877,746,320
SAL20878,33489,361
SAL20879,5014,340
SAL20880,90,200
SAL20881,184,203
SAL20882,0,0
SAL20883,238,175
SAL20884,17,0
SAL20885,21240,380
SAL20886,13,0
SAL20887,3071,360
SAL20888,1559,450
SAL20889,2285,323
SAL20890,43,200
SAL20891,633,270
SAL20892,3508,250
SAL20893,239,225
SAL20894,147,180
SAL20895,14,0
SAL20896,193,210
SAL20897,154,270
SAL20898,133,429
SAL20899,2838,380
SAL20900,52,0
SAL20901,6535,369
SAL20902,390,340
SAL20903,14,0
SAL20904,93,265
SAL20905,0,0
SAL20906,326,539
SAL20907,194,315
SAL20908,82,425
SAL20909,14274,376
SAL20910,27,0
SAL20911,13,220
SAL20912,125,231
SAL20913,194,200
SAL20914,48,0
SAL20915,32,0
SAL20916,0,0
SAL20917,27398,386
SAL20918,1524,400
SAL20919,28,0
SAL20920,637,418
SAL20921,858,235
SAL20922,11,230
SAL20923,18,100
SAL20924,10431,451
SAL20925,12781,481
SAL20926,104,200
SAL20927,97,235
SAL20928,0,0
SAL20929,7025,300
SAL20930,1130,451
SAL20931,3989,290
SAL20932,790,286
SAL20933,188,258
SAL20934,12,0
SAL20935,17131,355
SAL20936,158,425
SAL20937,10780,396
SAL20938,346,220
SAL20939,257,290
SAL20940,2044,240
SAL20941,152,385
SAL20942,57,240
SAL20943,31,0
SAL20944,169,140
SAL20945,25,150
SAL20946,71,500
SAL20947,37331,342
SAL20948,5711,315
SAL20949,18801,420
SAL20950,9097,431
SAL20951,136,350
SAL20952,141,346
SAL20953,7,0
SAL20954,454,300
SAL20955,232,275
SAL20956,994,133
SAL20957,11,0
SAL20958,65,230
SAL20959,47,175
SAL20960,1206,485
SAL20961,3,400
SAL20962,61,125
SAL20963,110,100
SAL20964,156,256
SAL20965,1019,301
SAL20966,2114,330
SAL20967,236,387
SAL20968,131,0
SAL20969,248,200
SAL20970,0,0
SAL20971,35,200
SAL20972,42,200
SAL20973,5811,370
SAL20974,7345,350
SAL20975,23,125
SAL20976,230,235
SAL20977,19,438
SAL20978,43,300
SAL20979,2559,360
SAL20980,66,0
SAL20981,0,0
SAL20982,75,210
SAL20983,11,0
SAL20984,65,110
SAL20985,112,205
SAL20986,17,200
SAL20987,0,0
SAL20988,31,250
SAL20989,391,324
SAL20990,132,460
SAL20991,64,0
SAL20992,73,255
SAL20993,72,248
SAL20994,23,0
SAL20995,62,550
SAL20996,45,210
SAL20997,0,0
SAL20998,31,90
SAL20999,563,180
SAL21000,143,275
SAL21001,10142,423
SAL21002,854,462
SAL21003,32,225
SAL21004,8213,381
SAL21005,423,300
SAL21006,182,243
SAL21007,59,210
SAL21008,118,308
SAL21009,4905,391
SAL21010,26131,450
SAL21011,110,0
SAL21012,23,0
SAL21013,42642,480
SAL21014,4,0
SAL21015,33,0
SAL21016,48,100
SAL21017,21,280
SAL21018,208,275
SAL21019,30,275
SAL21020,443,320
SAL21021,49,515
SAL21022,12,0
SAL21023,0,0
SAL21024,131,125
SAL21025,1113,270
SAL21026,215,225
SAL21027,155,250
SAL21028,15,0
SAL21029,66,162
SAL21030,17,100
SAL21031,23,34
SAL21032,71,185
SAL21033,11,250
SAL21034,29,0
SAL21035,7,100
SAL21036,14,0
SAL21037,17,0
SAL21038,431,306
SAL21039,279,250
SAL21040,75,100
SAL21041,131,150
SAL21042,63,100
SAL21043,123,220
SAL21044,13,0
SAL21045,1049,280
SAL21046,75,160
SAL21047,23792,369
SAL21048,256,183
SAL21049,21,0
SAL21050,297,390
SAL21051,120,130
SAL21052,45,400
SAL21053,102,290
SAL21054,356,200
SAL21055,213,315
SAL21056,2217,290
SAL21057,102,300
SAL21058,9220,295
SAL21059,253,345
SAL21060,37,0
SAL21061,6,0
SAL21062,50,150
SAL21063,91,200
SAL21064,137,200
SAL21065,31,104
SAL21066,141,165
SAL21067,62,290
SAL21068,269,190
SAL21069,718,245
SAL21070,19,105
SAL21071,236,460
SAL21072,237,218
SAL21073,1393,320
SAL21074,324,113
SAL21075,295,100
SAL21076,35,150
SAL21077,328,268
SAL21078,90,130
SAL21079,2971,445
SAL21080,8,0
SAL21081,18,0
SAL21082,23,0
SAL21083,45,300
SAL21084,685,160
SAL21085,0,0
SAL21086,10,0
SAL21087,132,480
SAL21088,261,0
SAL21089,1168,300
SAL21090,88,330
SAL21091,54,0
SAL21092,385,295
SAL21093,0,0
SAL21094,60,169
SAL21095,10,0
SAL21096,13,50
SAL21097,19,0
SAL21098,425,200
SAL21099,13,0
SAL21100,71,163
SAL21101,623,375
SAL21102,60,380
SAL21103,52,0
SAL21104,21070,404
SAL21105,21274,430
SAL21106,58,150
SAL21107,113,0
SAL21108,86,250
SAL21109,131,205
SAL21110,157,215
SAL21111,4,0
SAL21112,44,200
SAL21113,61,0
SAL21114,14869,350
SAL21115,966,296
SAL21116,330,250
SAL21117,578,185
SAL21118,208,250
SAL21119,0,0
SAL21120,20,0
SAL21121,388,0
SAL21122,60,90
SAL21123,1276,400
SAL21124,6269,370
SAL21125,11355,361
SAL21126,136,314
SAL21127,495,250
SAL21128,157,1300
SAL21129,10346,235
SAL21130,6518,345
SAL21131,13518,500
SAL21132,5069,400
SAL21133,26082,351
SAL21134,155,275
SAL21135,87,150
SAL21136,75,218
SAL21137,1038,305
SAL21138,291,285
SAL21139,1011,375
SAL21140,12463,350
SAL21141,62,200
SAL21142,488,290
SAL21143,184,85
SAL21144,167,230
SAL21145,10369,320
SAL21146,27,0
SAL21147,83,230
SAL21148,1443,303
SAL21149,22,0
SAL21150,311,180
SAL21151,6,0
SAL21152,22322,400
SAL21153,14834,415
SAL21154,55,200
SAL21155,189,203
SAL21156,1552,235
SAL21157,289,0
SAL21158,7589,350
SAL21159,189,250
SAL21160,2962,255
SAL21161,811,325
SAL21162,22,320
SAL21163,2826,471
SAL21164,238,200
SAL21165,9933,400
SAL21166,108,190
SAL21167,7360,400
SAL21168,6758,381
SAL21169,5252,306
SAL21170,75,231
SAL21171,75,0
SAL21172,631,350
SAL21173,368,341
SAL21174,3507,270
SAL21175,365,100
SAL21176,178,200
SAL21177,14,200
SAL21178,130,175
SAL21179,2050,210
SAL21180,39,100
SAL21181,1815,180
SAL21182,36,0
SAL21183,18,200
SAL21184,122,300
SAL21185,12016,430
SAL21186,151,158
SAL21187,20736,360
SAL21188,29,222
SAL21189,171,300
SAL21190,99,0
SAL21191,330,250
SAL21192,290,385
SAL21193,17331,380
SAL21194,21,0
SAL21195,1124,260
SAL21196,676,365
SAL21197,28,100
SAL21198,31,195
SAL21199,36,0
SAL21200,70,323
SAL21201,694,150
SAL21202,914,375
SAL21203,37216,340
SAL21204,44,228
SAL21205,93,183
SAL21206,15134,245
SAL21207,128,470
SAL21208,34,150
SAL21209,67,238
SAL21210,0,0
SAL21211,158,0
SAL21212,5,0
SAL21213,63,294
SAL21214,7563,416
SAL21215,352,330
SAL21216,23,0
SAL21217,20,150
SAL21218,1949,400
SAL21219,3585,360
SAL21220,46,220
SAL21221,206,253
SAL21222,320,460
SAL21223,3554,420
SAL21224,28,250
SAL21225,51,198
SAL21226,41,250
SAL21227,80,300
SAL21228,304,380
SAL21229,1391,346
SAL21230,346,235
SAL21231,886,200
SAL21232,96,400
SAL21233,601,230
SAL21234,1746,300
SAL21235,6526,346
SAL21236,900,325
SAL21237,1692,340
SAL21238,240,250
SAL21239,118,192
SAL21240,16,0
SAL21241,1163,275
SAL21242,365,238
SAL21243,100,229
SAL21244,84,238
SAL21245,5977,260
SAL21246,13374,430
SAL21247,3762,451
SAL21248,2187,335
SAL21249,161,228
SAL21250,1907,340
SAL21251,28,0
SAL21252,106,231
SAL21253,382,200
SAL21254,4151,473
SAL21255,16,150
SAL21256,185,241
SAL21257,49,0
SAL21258,117,238
SAL21259,46,100
SAL21260,76,0
SAL21261,584,250
SAL21262,124,295
SAL21263,34,0
SAL21264,18,100
SAL21265,476,120
SAL21266,0,0
SAL21267,6,0
SAL21268,17,0
SAL21269,584,381
SAL21270,17,160
SAL21271,26,75
SAL21272,85,200
SAL21273,326,325
SAL21274,20,0
SAL21275,42,138
SAL21276,150,225
SAL21277,1051,326
SAL21278,0,0
SAL21279,3862,380
SAL21280,93,200
SAL21281,41,290
SAL21282,1350,280
SAL21283,161,225
SAL21284,5548,400
SAL21285,48,0
SAL21286,1418,347
SAL21287,1277,416
SAL21288,28,0
SAL21289,89,205
SAL21290,9,0
SAL21291,28,95
SAL21292,74,200
SAL21293,11328,285
SAL21294,1208,383
SAL21295,891,125
SAL21296,53,120
SAL21297,17,0
SAL21298,51,205
SAL21299,29,0
SAL21300,169,0
SAL21301,135,325
SAL21302,94,163
SAL21303,9,92
SAL21304,40,225
SAL21305,15,230
SAL21306,453,185
SAL21307,30,200
SAL21308,120,170
SAL21309,492,195
SAL21310,1025,240
SAL21311,189,165
SAL21312,3226,370
SAL21313,57,110
SAL21314,5906,400
SAL21315,9857,360
SAL21316,15078,406
SAL21317,1668,421
SAL21318,67,300
SAL21319,2684,392
SAL21320,13,79
SAL21321,76,300
SAL21322,64,73
SAL21323,3,0
SAL21324,44,120
SAL21325,74,320
SAL21326,5880,290
SAL21327,10745,416
SAL21328,3960,200
SAL21329,44,180
SAL21330,232,115
SAL21331,76,400
SAL21332,118,140
SAL21333,83,210
SAL21334,86,138
SAL21335,36,0
SAL21336,24499,476
SAL21337,6620,471
SAL21338,57,211
SAL21339,30018,421
SAL21340,8667,380
SAL21341,170,250
SAL21342,415,261
SAL21343,64,0
SAL21344,483,290
SAL21345,578,315
SAL21346,9,100
SAL21347,1485,400
SAL21348,195,300
SAL21349,391,200
SAL21350,156,231
SAL21351,165,210
SAL21352,9207,340
SAL21353,450,248
SAL21354,11699,391
SAL21355,2862,426
SAL21356,96,250
SAL21357,87,325
SAL21358,1662,300
SAL21359,413,330
SAL21360,1305,360
SAL21361,46,0
SAL21362,8203,321
SAL21363,3460,361
SAL21364,190,230
SAL21365,3920,355
SAL21366,26,58
SAL21367,12,200
SAL21368,406,270
SAL21369,134,330
SAL21370,67,175
SAL21371,22,0
SAL21372,0,0
SAL21373,168,315
SAL21374,7645,421
SAL21375,28,210
SAL21376,26,305
SAL21377,188,180
SAL21378,207,138
SAL21379,60,300
SAL21380,4047,320
SAL21381,47,42
SAL21382,19,0
SAL21383,26,0
SAL21384,1101,200
SAL21385,305,200
SAL21386,366,252
SAL21387,29,0
SAL21388,397,280
SAL21389,89,0
SAL21390,41,0
SAL21391,0,0
SAL21392,115,330
SAL21393,842,590
SAL21394,66,250
SAL21395,75,378
SAL21396,2184,280
SAL21397,143,130
SAL21398,63,160
SAL21399,4749,270
SAL21400,114,225
SAL21401,196,175
SAL21402,134,170
SAL21403,132,83
SAL21404,355,115
SAL21405,134,225
SAL21406,16,150
SAL21407,45,120
SAL21408,5,300
SAL21409,0,0
SAL21410,61,230
SAL21411,10711,321
SAL21412,7416,220
SAL21413,69,175
SAL21414,7513,360
SAL21415,116,282
SAL21416,363,150
SAL21417,179,1550
SAL21418,115,170
SAL21419,386,411
SAL21420,304,250
SAL21421,118,400
SAL21422,4,0
SAL21423,6,135
SAL21424,14,0
SAL21425,57,0
SAL21426,162,185
SAL21427,982,200
SAL21428,368,150
SAL21429,408,280
SAL21430,147,188
SAL21431,9,0
SAL21432,3,0
SAL21433,0,0
SAL21434,23,300
SAL21435,1801,360
SAL21436,22,1
SAL21437,58,50
SAL21438,21,0
SAL21439,22,130
SAL21440,37,180
SAL21441,86,130
SAL21442,70,0
SAL21443,4,0
SAL21444,802,275
SAL21445,0,0
SAL21446,0,0
SAL21447,2878,321
SAL21448,3,0
SAL21449,5145,252
SAL21450,621,290
SAL21451,138,168
SAL21452,23219,351
SAL21453,49,140
SAL21454,398,200
SAL21455,143,200
SAL21456,2743,360
SAL21457,200,210
SAL21458,49,160
SAL21459,2556,310
SAL21460,94,300
SAL21461,23,0
SAL21462,336,135
SAL21463,23,175
SAL21464,100,110
SAL21465,52,0
SAL21466,100,283
SAL21467,23588,365
SAL21468,1346,346
SAL21469,19014,370
SAL21470,110,373
SAL21471,200,260
SAL21472,82,100
SAL21473,2495,350
SAL21474,247,320
SAL21475,87,100
SAL21476,4760,330
SAL21477,119,240
SAL21478,16,0
SAL21479,14,0
SAL21480,8,0
SAL21481,20,0
SAL21482,396,175
SAL21483,43,195
SAL21484,167,215
SAL21485,65,260
SAL21486,576,150
SAL21487,251,270
SAL21488,1317,390
SAL21489,47,288
SAL21490,5869,270
SAL21491,141,245
SAL21492,616,240
SAL21493,13272,375
SAL21494,0,0
SAL21495,66,150
SAL21496,1181,350
SAL21497,284,200
SAL21498,7,20
SAL21499,9,0
SAL21500,94,200
SAL21501,85,210
SAL21502,112,123
SAL21503,84,300
SAL21504,17348,369
SAL21505,92,200
SAL21506,165,275
SAL21507,142,300
SAL21508,121,150
SAL21509,527,260
SAL21510,475,280
SAL21511,9,0
SAL21512,32,100
SAL21513,13,0
SAL21514,635,300
SAL21515,33,138
SAL21516,472,140
SAL21517,36,110
SAL21518,5,0
SAL21519,74,275
SAL21520,1353,427
SAL21521,62,0
SAL21522,42,0
SAL21523,707,325
SAL21524,1021,180
SAL21525,0,0
SAL21526,850,200
SAL21527,131,265
SAL21528,806,275
SAL21529,1052,320
SAL21530,24,0
SAL21531,59,200
SAL21532,159,0
SAL21533,343,520
SAL21534,3420,250
SAL21535,237,160
SAL21536,1489,274
SAL21537,570,210
SAL21538,2436,330
SAL21539,230,220
SAL21540,263,261
SAL21541,131,175
SAL21542,1327,363
SAL21543,8,0
SAL21544,2782,350
SAL21545,30,0
SAL21546,236,248
SAL21547,3962,400
SAL21548,7,0
SAL21549,40,188
SAL21550,2994,380
SAL21551,1439,290
SAL21552,25,0
SAL21553,220,157
SAL21554,9121,401
SAL21555,8926,430
SAL21556,31,165
SAL21557,189,310
SAL21558,6681,435
SAL21559,994,640
SAL21560,469,158
SAL21561,878,289
SAL21562,2073,371
SAL21563,35,310
SAL21564,9892,396
SAL21565,67,125
SAL21566,31,173
SAL21567,121,206
SAL21568,21,0
SAL21569,5491,366
SAL21570,20,0
SAL21571,5384,250
SAL21572,73,390
SAL21573,368,270
SAL21574,5407,380
SAL21575,9389,381
SAL21576,490,230
SAL21577,42,175
SAL21578,453,354
SAL21579,239,303
SAL21580,75,0
SAL21581,36,0
SAL21582,198,100
SAL21583,1665,268
SAL21584,1183,221
SAL21585,905,350
SAL21586,9929,450
SAL21587,22296,421
SAL21588,315,363
SAL21589,274,130
SAL21590,753,310
SAL21591,280,320
SAL21592,183,274
SAL21593,2681,310
SAL21594,108,490
SAL21595,65,175
SAL21596,29,0
SAL21597,12675,360
SAL21598,7,0
SAL21599,5541,331
SAL21600,6,0
SAL21601,164,300
SAL21602,248,277
SAL21603,272,282
SAL21604,12573,396
SAL21605,116,265
SAL21606,230,230
SAL21607,6,0
SAL21608,602,250
SAL21609,99,130
SAL21610,6,0
SAL21611,11,0
SAL21612,2005,350
SAL21613,80,145
SAL21614,77,250
SAL21615,2299,390
SAL21616,0,0
SAL21617,98,200
SAL21618,8160,240
SAL21619,646,96
SAL21620,501,300
SAL21621,43,105
SAL21622,23,0
SAL21623,7,0
SAL21624,211,480
SAL21625,3311,392
SAL21626,47,0
SAL21627,140,250
SAL21628,775,409
SAL21629,6878,516
SAL21630,121,215
SAL21631,143,260
SAL21632,87,150
SAL21633,102,200
SAL21634,112,40
SAL21635,14890,346
SAL21636,19,100
SAL21637,840,250
SAL21638,12,0
SAL21639,90,166
SAL21640,54941,381
SAL21641,64,0
SAL21642,7953,300
SAL21643,11362,300
SAL21644,8784,320
SAL21645,63,150
SAL21646,17,245
SAL21647,32,100
SAL21648,13197,392
SAL21649,966,388
SAL21650,36,320
SAL21651,73,180
SAL21652,83,290
SAL21653,2770,210
SAL21654,407,285
SAL21655,223,150
SAL21656,821,300
SAL21657,70,50
SAL21658,249,100
SAL21659,23369,381
SAL21660,182,300
SAL21661,43,270
SAL21662,184,258
SAL21663,157,436
SAL21664,423,258
SAL21665,679,180
SAL21666,0,0
SAL21667,721,320
SAL21668,397,100
SAL21669,42,50
SAL21670,216,200
SAL21671,190,311
SAL21672,25,480
SAL21673,1899,346
SAL21674,213,240
SAL21675,17452,400
SAL21676,22,120
SAL21677,4000,602
SAL21678,91,180
SAL21679,223,270
SAL21680,33,0
SAL21681,588,304
SAL21682,34565,280
SAL21683,28712,366
SAL21684,180,293
SAL21685,1666,305
SAL21686,37,200
SAL21687,46,258
SAL21688,31,200
SAL21689,62,150
SAL21690,16,115
SAL21691,3829,360
SAL21692,44,200
SAL21693,106,125
SAL21694,64,96
SAL21695,51,125
SAL21696,65,200
SAL21697,13,120
SAL21698,525,163
SAL21699,0,0
SAL21700,0,0
SAL21701,36,0
SAL21702,334,203
SAL21703,2263,255
SAL21704,0,0
SAL21705,31,125
SAL21706,16795,406
SAL21707,887,263
SAL21708,71,120
SAL21709,116,150
SAL21710,66,200
SAL21711,171,155
SAL21712,12,0
SAL21713,30,0
SAL21714,169,320
SAL21715,277,400
SAL21716,9375,200
SAL21717,529,344
SAL21718,120,396
SAL21719,28,210
SAL21720,6,0
SAL21721,91,351
SAL21722,80,178
SAL21723,34,165
SAL21724,105,280
SAL21725,20,0
SAL21726,160,260
SAL21727,3651,369
SAL21728,207,190
SAL21729,49,260
SAL21730,0,0
SAL21731,69,150
SAL21732,4948,451
SAL21733,5609,500
SAL21734,65,240
SAL21735,9250,420
SAL21736,6900,365
SAL21737,1825,290
SAL21738,23,0
SAL21739,44,0
SAL21740,185,150
SAL21741,49,0
SAL21742,16224,400
SAL21743,85,280
SAL21744,81,650
SAL21745,32,190
SAL21746,6287,431
SAL21747,26,486
SAL21748,94,350
SAL21749,79,150
SAL21750,25,0
SAL21751,43,180
SAL21752,5,0
SAL21753,75,100
SAL21754,1004,351
SAL21755,23059,400
SAL21756,8312,250
SAL21757,144,210
SAL21758,67,230
SAL21759,193,210
SAL21760,8886,400
SAL21761,29,210
SAL21762,852,410
SAL21763,25759,400
SAL21764,0,0
SAL21765,118,250
SAL21766,0,0
SAL21767,1477,220
SAL21768,10,0
SAL21769,14389,215
SAL21770,138,305
SAL21771,39,220
SAL21772,910,270
SAL21773,15,0
SAL21774,46,250
SAL21775,29,0
SAL21776,47,0
SAL21777,5,220
SAL21778,333,241
SAL21779,180,200
SAL21780,61,126
SAL21781,136,125
SAL21782,15,100
SAL21783,3671,310
SAL21784,21,165
SAL21785,10,0
SAL21786,496,462
SAL21787,1271,415
SAL21788,118,0
SAL21789,8,0
SAL21790,6182,446
SAL21791,139,75
SAL21792,706,275
SAL21793,18734,512
SAL21794,28,100
SAL21795,9799,365
SAL21796,99,190
SAL21797,92,0
SAL21798,3011,345
SAL21799,18,138
SAL21800,44,0
SAL21801,1450,330
SAL21802,10,0
SAL21803,19846,496
SAL21804,94,258
SAL21805,251,300
SAL21806,16,0
SAL21807,2225,280
SAL21808,41,0
SAL21809,42,0
SAL21810,295,400
SAL21811,0,0
SAL21812,0,0
SAL21813,330,290
SAL21814,119,280
SAL21815,117,275
SAL21816,35340,476
SAL21817,54,0
SAL21818,85,168
SAL21819,108,200
SAL21820,437,200
SAL21821,31,180
SAL21822,403,200
SAL21823,170,280
SAL21824,426,330
SAL21825,33,0
SAL21826,184,350
SAL21827,19889,430
SAL21828,100,120
SAL21829,138,100
SAL21830,167,150
SAL21831,29,0
SAL21832,884,245
SAL21833,140,150
SAL21834,185,295
SAL21835,132,120
SAL21836,69,80
SAL21837,14,0
SAL21838,46,0
SAL21839,63,750
SAL21840,230,158
SAL21841,41,401
SAL21842,126,200
SAL21843,8,62
SAL21844,105,200
SAL21845,278,110
SAL21846,8,120
SAL21847,114,245
SAL21848,95,320
SAL21849,9996,386
SAL21850,897,178
SAL21851,177,250
SAL21852,170,341
SAL21853,59,375
SAL21854,17,0
SAL21855,98,178
SAL21856,64,0
SAL21857,545,190
SAL21858,7,270
SAL21859,387,355
SAL21860,168,203
SAL21861,68,0
SAL21862,126,120
SAL21863,3285,250
SAL21864,26,100
SAL21865,212,200
SAL21866,20,0
SAL21867,2254,295
SAL21868,72,180
SAL21869,22,160
SAL21870,280,250
SAL21871,30,140
SAL21872,54,370
SAL21873,17,0
SAL21874,153,185
SAL21875,425,200
SAL21876,0,0
SAL21877,555,200
SAL21878,1023,305
SAL21879,819,361
SAL21880,201,191
SAL21881,48,220
SAL21882,79,85
SAL21883,24,0
SAL21884,87,165
SAL21885,122,250
SAL21886,124,200
SAL21887,96,125
SAL21888,66,270
SAL21889,262,200
SAL21890,50,125
SAL21891,31,0
SAL21892,462,250
SAL21893,27689,360
SAL21894,434,565
SAL21895,8033,410
SAL21896,30909,401
SAL21897,24,100
SAL21898,1982,194
SAL21899,548,195
SAL21900,89,140
SAL21901,40,0
SAL21902,99,100
SAL21903,276,350
SAL21904,70,280
SAL21905,3,0
SAL21906,23,200
SAL21907,218,300
SAL21908,196,166
SAL21909,139,250
SAL21910,41,200
SAL21911,1599,260
SAL21912,379,250
SAL21913,0,0
SAL21914,191,230
SAL21915,238,300
SAL21916,48,346
SAL21917,970,380
SAL21918,14,0
SAL21919,111,97
SAL21920,56,150
SAL21921,2509,451
SAL21922,6886,230
SAL21923,171,200
SAL21924,84,0
SAL21925,4704,320
SAL21926,59,200
SAL21927,533,200
SAL21928,547,300
SAL21929,1844,315
SAL21930,866,335
SAL21931,136,240
SAL21932,230,203
SAL21933,415,150
SAL21934,13658,471
SAL21935,451,243
SAL21936,820,300
SAL21937,189,103
SAL21938,10445,360
SAL21939,2401,200
SAL21940,1723,225
SAL21941,1322,300
SAL21942,5901,432
SAL21943,410,270
SAL21944,344,189
SAL21945,9,0
SAL21946,19,0
SAL21947,168,0
SAL21948,13,0
SAL21949,50,160
SAL21950,12,0
SAL21951,90,100
SAL21952,32257,341
SAL21953,7436,351
SAL21954,177,277
SAL21955,318,220
SAL21956,17,0
SAL21957,84,158
SAL21958,37,0
SAL21959,89,148
SAL21960,8682,250
SAL21961,34,145
SAL21962,130,210
SAL21963,4277,285
SAL21964,50,0
SAL21965,3225,315
SAL21966,14953,381
SAL21967,325,310
SAL21968,282,175
SAL21969,3027,526
SAL21970,3475,300
SAL21971,25276,475
SAL21972,203,280
SAL21973,40,220
SAL21974,2895,371
SAL21975,199,210
SAL21976,20,0
SAL21977,24,175
SAL21978,36,220
SAL21979,64,180
SAL21980,96,150
SAL21981,233,241
SAL21982,46,150
SAL21983,92,110
SAL21984,4604,210
SAL21985,12413,391
SAL21986,327,231
SAL21987,0,0
SAL21988,33,0
SAL21989,43,200
SAL21990,7,0
SAL21991,158,212
SAL21992,536,210
SAL21993,673,188
SAL21994,17,0
SAL21995,3,0
SAL21996,1644,315
SAL21997,18,110
SAL21998,6714,401
SAL21999,439,462
SAL22000,8442,410
SAL22001,6804,425
SAL22002,9851,418
SAL22003,19,0
SAL22004,5,0
SAL22005,17714,420
SAL22006,18503,396
SAL22007,1159,393
SAL22008,45,270
SAL22009,1773,398
SAL22010,93,425
SAL22011,411,225
SAL22012,9,0
SAL22013,101,240
SAL22014,2264,190
SAL22015,115,150
SAL22016,8328,395
SAL22017,450,220
SAL22018,285,220
SAL22019,270,250
SAL22020,1170,165
SAL22021,197,183
SAL22022,710,300
SAL22023,49,0
SAL22024,25,140
SAL22025,36,300
SAL22026,14,0
SAL22027,54118,351
SAL22028,229,231
SAL22029,1196,255
SAL22030,67,0
SAL22031,442,250
SAL22032,1063,350
SAL22033,41,302
SAL22034,172,193
SAL22035,167,300
SAL22036,3835,601
SAL22037,12308,410
SAL22038,7074,396
SAL22039,188,238
SAL22040,33,150
SAL22041,18171,400
SAL22042,10534,425
SAL22043,75,346
SAL22044,51,0
SAL22045,149,173
SAL22046,138,250
SAL22047,7793,430
SAL22048,58,150
SAL22049,3636,310
SAL22050,3867,400
SAL22051,125,250
SAL22052,177,250
SAL22053,54,0
SAL22054,29,210
SAL22055,110,150
SAL22056,677,175
SAL22057,159,340
SAL22058,158,350
SAL22059,22,346
SAL22060,49,0
SAL22061,72,215
SAL22062,322,275
SAL22063,7,0
SAL22064,360,300
SAL22065,230,138
SAL22066,206,150
SAL22067,14,100
SAL22068,52,0
SAL22069,6,140
SAL22070,29,0
SAL22071,17,0
SAL22072,191,175
SAL22073,40,900
SAL22074,267,250
SAL22075,32,0
SAL22076,4,50
SAL22077,365,280
SAL22078,189,300
SAL22079,16,0
SAL22080,66,396
SAL22081,132,200
SAL22082,14,0
SAL22083,12,100
SAL22084,2575,392
SAL22085,79,450
SAL22086,66781,400
SAL22087,178,611
SAL22088,3788,420
SAL22089,0,0
SAL22090,5,0
SAL22091,73,305
SAL22092,42,215
SAL22093,48,180
SAL22094,356,250
SAL22095,38,125
SAL22096,26,0
SAL22097,79,300
SAL22098,717,250
SAL22099,88,484
SAL22100,202,250
SAL22101,149,300
SAL22102,1024,383
SAL22103,403,260
SAL22104,440,240
SAL22105,3742,300
SAL22106,174,200
SAL22107,17633,540
SAL22108,220,220
SAL22109,4436,331
SAL22110,10016,250
SAL22111,708,300
SAL22112,619,300
SAL22113,787,577
SAL22114,126,230
SAL22115,214,300
SAL22116,5,0
SAL22117,38,160
SAL22118,12203,421
SAL22119,37,0
SAL22120,28,280
SAL22121,33790,392
SAL22122,2005,462
SAL22123,236,216
SAL22124,1108,265
SAL22125,47,120
SAL22126,21,0
SAL22127,292,235
SAL22128,50,346
SAL22129,772,290
SAL22130,598,170
SAL22131,229,80
SAL22132,5,310
SAL22133,354,215
SAL22134,2365,298
SAL22135,1516,369
SAL22136,223,200
SAL22137,672,100
SAL22138,83,100
SAL22139,19,0
SAL22140,31,210
SAL22141,2295,1500
SAL22142,443,265
SAL22143,76,265
SAL22144,296,210
SAL22145,589,280
SAL22146,329,220
SAL22147,5294,240
SAL22148,1009,461
SAL22149,708,500
SAL22150,111,0
SAL22151,3000,255
SAL22152,102,195
SAL22153,67,0
SAL22154,299,320
SAL22155,157,450
SAL22156,28,100
SAL22157,6,0
SAL22158,26,200
SAL22159,102,0
SAL22160,2695,431
SAL22161,51096,360
SAL22162,0,0
SAL22163,52,449
SAL22164,836,320
SAL22165,56,70
SAL22166,13,0
SAL22167,3,0
SAL22168,7,0
SAL22169,34,0
SAL22170,28587,441
SAL22171,9,0
SAL22172,4390,400
SAL22173,31,0
SAL22174,19144,381
SAL22175,10764,380
SAL22176,9964,436
SAL22177,268,300
SAL22178,994,400
SAL22179,1532,391
SAL22180,287,280
SAL22181,165,110
SAL22182,49,138
SAL22183,3497,220
SAL22184,3154,220
SAL22185,71,406
SAL22186,2583,360
SAL22187,25,2
SAL22188,43,200
SAL22189,4,0
SAL22190,213,261
SAL22191,208,215
SAL22192,34,0
SAL22193,5797,380
SAL22194,8616,421
SAL22195,26,0
SAL22196,0,0
SAL22197,128,300
SAL22198,14381,350
SAL22199,1729,250
SAL22200,7,0
SAL22201,141,250
SAL22202,49,280
SAL22203,1221,310
SAL22204,27,80
SAL22205,10,0
SAL22206,231,375
SAL22207,33571,441
SAL22208,24129,390
SAL22209,44,218
SAL22210,187,320
SAL22211,164,150
SAL22212,36,195
SAL22213,64,230
SAL22214,545,165
SAL22215,1411,190
SAL22216,70,200
SAL22217,2579,250
SAL22218,0,0
SAL22219,324,350
SAL22220,9438,372
SAL22221,33,272
SAL22222,6328,460
SAL22223,79,246
SAL22224,743,290
SAL22225,72,370
SAL22226,14296,280
SAL22227,38,138
SAL22228,57,163
SAL22229,1700,301
SAL22230,130,220
SAL22231,9,0
SAL22232,5211,530
SAL22233,89,330
SAL22234,10926,460
SAL22235,200,220
SAL22236,312,280
SAL22237,0,0
SAL22238,543,200
SAL22239,970,410
SAL22240,86,289
SAL22241,855,240
SAL22242,6066,406
SAL22243,105,0
SAL22244,244,275
SAL22245,214,260
SAL22246,619,140
SAL22247,4952,361
SAL22248,15,0
SAL22249,17215,351
SAL22250,2067,451
SAL22251,373,220
SAL22252,161,375
SAL22253,140,350
SAL22254,251,250
SAL22255,10194,270
SAL22256,5143,460
SAL22257,614,335
SAL22258,1626,400
SAL22259,0,0
SAL22260,28,0
SAL22261,222,100
SAL22262,129,150
SAL22263,2559,369
SAL22264,837,363
SAL22265,6569,250
SAL22266,186,200
SAL22267,3,0
SAL22268,126,370
SAL22269,38,315
SAL22270,27,50
SAL22271,423,200
SAL22272,263,300
SAL22273,5,0
SAL22274,71,145
SAL22275,32067,270
SAL22276,1192,231
SAL22277,2048,360
SAL22278,294,355
SAL22279,679,421
SAL22280,28,150
SAL22281,1323,350
SAL22282,322,335
SAL22283,583,228
SAL22284,39,0
SAL22285,76,214
SAL22286,249,295
SAL22287,19,0
SAL22288,70,220
SAL22289,27,75
SAL22290,609,194
SAL22291,8088,410
SAL22292,34,0
SAL22293,245,180
SAL22294,315,330
SAL22295,356,278
SAL22296,32,250
SAL22297,56,260
SAL22298,1762,395
SAL22299,1189,300
SAL22300,0,0
SAL22301,820,250
SAL22302,2813,300
SAL22303,1857,391
SAL22304,6,115
SAL22305,11767,380
SAL22306,2013,462
SAL22307,421,290
SAL22308,1014,350
SAL22309,2156,381
SAL22310,11548,421
SAL22311,24989,390
SAL22312,124,275
SAL22313,71,622
SAL22314,25028,415
SAL22315,22631,411
SAL22316,128,300
SAL22317,42,0
SAL22318,53,53
SAL22319,2820,456
SAL22320,3092,290
SAL22321,200,350
SAL22322,117,200
SAL22323,35,0
SAL22324,9,0
SAL22325,193,391
SAL22326,349,230
SAL22327,184,200
SAL22328,22174,357
SAL22329,12766,351
SAL22330,38042,325
SAL22331,4942,330
SAL22332,1186,340
SAL22333,974,360
SAL22334,2318,188
SAL22335,100,0
SAL22336,43,200
SAL22337,44,150
SAL22338,75,225
SAL22339,2890,163
SAL22340,34,100
SAL22341,40,80
SAL22342,123,236
SAL22343,19490,381
SAL22344,12571,396
SAL22345,2951,385
SAL22346,3542,350
SAL22347,44,160
SAL22348,63,135
SAL22349,368,310
SAL22350,826,198
SAL22351,371,288
SAL22352,105,0
SAL22353,47,80
SAL22354,6220,210
SAL22355,276,509
SAL22356,61,0
SAL22357,118,265
SAL22358,0,0
SAL22359,41,200
SAL22360,49,138
SAL22361,79,485
SAL22362,45,200
SAL22363,0,0
SAL22364,310,260
SAL22365,65,260
SAL22366,187,320
SAL22367,101,225
SAL22368,11,0
SAL22369,2980,290
SAL22370,231,250
SAL22371,180,178
SAL22372,351,250
SAL22373,5756,300
SAL22374,176,50
SAL22375,198,351
SAL22376,6850,400
SAL22377,84,180
SAL22378,33,135
SAL22379,1072,210
SAL22380,8980,450
SAL22381,1047,448
SAL22382,3997,380
SAL22383,158,150
SAL22384,107,388
SAL22385,78,205
SAL22386,20,0
SAL22387,255,200
SAL22388,5,175
SAL22389,234,203
SAL22390,0,0
SAL22391,38851,361
SAL22392,368,270
SAL22393,306,316
SAL22394,503,350
SAL22395,9445,340
SAL22396,12047,341
SAL22397,18552,346
SAL22398,670,316
SAL22399,13655,462
SAL22400,16,0
SAL22401,129,175
SAL22402,3,0
SAL22403,160,275
SAL22404,103,250
SAL22405,11186,235
SAL22406,11,0
SAL22407,0,0
SAL22408,127,200
SAL22409,861,210
SAL22410,227,220
SAL22411,10,0
SAL22412,17,100
SAL22413,232,120
SAL22414,10578,369
SAL22415,22,150
SAL22416,0,0
SAL22417,160,207
SAL22418,38,230
SAL22419,405,250
SAL22420,30,200
SAL22421,20,300
SAL22422,17,0
SAL22423,452,160
SAL22424,245,208
SAL22425,92,100
SAL22426,1175,240
SAL22427,39,0
SAL22428,142,150
SAL22429,194,241
SAL22430,748,263
SAL22431,600,285
SAL22432,25,0
SAL22433,325,268
SAL22434,3,0
SAL22435,0,0
SAL22436,139,300
SAL22437,54,0
SAL22438,24,0
SAL22439,46,250
SAL22440,55,0
SAL22441,908,250
SAL22442,0,0
SAL22443,7,0
SAL22444,540,235
SAL22445,15,300
SAL22446,15,0
SAL22447,524,277
SAL22448,32,335
SAL22449,26,0
SAL22450,153,155
SAL22451,56370,380
SAL22452,103,0
SAL22453,25,200
SAL22454,85,150
SAL22455,36,135
SAL22456,69,0
SAL22457,81,96
SAL22458,416,250
SAL22459,25,0
SAL22460,56,265
SAL22461,25,0
SAL22462,328,215
SAL22463,69,180
SAL22464,59,150
SAL22465,462,210
SAL22466,281,200
SAL22467,4955,245
SAL22468,135,280
SAL22469,130,135
SAL22470,568,220
SAL22471,1012,285
SAL22472,76,320
SAL22473,15419,420
SAL22474,15174,411
SAL22475,54,100
SAL22476,2064,348
SAL22477,23,0
SAL22478,12,100
SAL22479,2308,400
SAL22480,75,80
SAL22481,21,285
SAL22482,44,160
SAL22483,16966,513
SAL22484,14098,475
SAL22485,62,0
SAL22486,206,325
SAL22487,60,250
SAL22488,2254,225
SAL22489,72,250
SAL22490,20,0
SAL22491,8,0
SAL22492,8,0
SAL22493,110,200
SAL22494,93,200
SAL22495,4,0
SAL22496,4497,365
SAL22497,18,100
SAL22498,243,260
SAL22499,30,0
SAL22500,131,100
SAL22501,1046,415
SAL22502,110,200
SAL22503,22,100
SAL22504,20234,350
SAL22505,0,0
SAL22506,1606,295
SAL22507,133,149
SAL22508,19005,391
SAL22509,3066,380
SAL22510,311,258
SAL22511,475,250
SAL22512,27,160
SAL22513,70,130
SAL22514,188,230
SAL22515,0,0
SAL22516,1250,260
SAL22517,57,25
SAL22518,90,200
SAL22519,68,0
SAL22520,23,300
SAL22521,358,237
SAL22522,63,250
SAL22523,66,250
SAL22524,3,0
SAL22525,175,260
SAL22526,547,300
SAL22527,7,0
SAL22528,1973,200
SAL22529,5,150
SAL22530,50,190
SAL22531,229,260
SAL22532,23,0
SAL22533,319,250
SAL22534,822,250
SAL22535,110,200
SAL22536,366,236
SAL22537,818,385
SAL22538,221,260
SAL22539,0,0
SAL22540,74,163
SAL22541,88,150
SAL22542,0,0
SAL22543,1085,270
SAL22544,713,230
SAL22545,107,299
SAL22546,1722,350
SAL22547,12817,486
SAL22548,509,170
SAL22549,0,0
SAL22550,3178,360
SAL22551,18534,500
SAL22552,51,0
SAL22553,257,200
SAL22554,49,412
SAL22555,23,295
SAL22556,3,150
SAL22557,5,0
SAL22558,46,85
SAL22559,13,0
SAL22560,4,0
SAL22561,0,0
SAL22562,83,278
SAL22563,143,175
SAL22564,37,0
SAL22565,4349,300
SAL22566,401,270
SAL22567,305,310
SAL22568,83,0
SAL22569,26907,275
SAL22570,1780,400
SAL22571,553,260
SAL22572,2116,351
SAL22573,140,150
SAL22574,90,300
SAL22575,22,0
SAL22576,69,401
SAL22577,1382,386
SAL22578,181,257
SAL22579,162,170
SAL22580,153,210
SAL22581,87,280
SAL22582,36305,390
SAL22583,13,240
SAL22584,357,295
SAL22585,9,100
SAL22586,6733,355
SAL22587,449,150
SAL22588,8,0
SAL22589,30,0
SAL22590,7,0
SAL22591,33,285
SAL22592,21,0
SAL22593,85,0
SAL22594,3449,383
SAL22595,4,0
SAL22596,893,240
SAL22597,645,350
SAL22598,523,311
SAL22599,440,235
SAL22600,157,160
SAL22601,250,250
SAL22602,198,205
SAL22603,19,25
SAL22604,16,0
SAL22605,9,0
SAL22606,25,0
SAL22607,47,200
SAL22608,173,180
SAL22609,0,0
SAL22610,17,0
SAL22611,450,235
SAL22612,215,150
SAL22613,56,350
SAL22614,3417,369
SAL22615,120,250
SAL22616,107,264
SAL22617,415,310
SAL22618,40,0
SAL22619,29,180
SAL22620,6818,390
SAL22621,187,170
SAL22622,45,92
SAL22623,55,300
SAL22624,184,225
SAL22625,982,328
SAL22626,904,280
SAL22627,10993,426
SAL22628,11954,496
SAL22629,44,300
SAL22630,50,145
SAL22631,16,0
SAL22632,65,115
SAL22633,7030,451
SAL22634,163,135
SAL22635,936,250
SAL22636,37,0
SAL22637,32,50
SAL22638,47,50
SAL22639,420,195
SAL22640,57,360
SAL22641,0,0
SAL22642,0,0
SAL22643,52,0
SAL22644,1061,230
SAL22645,88,320
SAL22646,44,200
SAL22647,67,150
SAL22648,43,0
SAL22649,37,0
SAL22650,677,300
SAL22651,35,162
SAL22652,0,0
SAL22653,130,458
SAL22654,5,0
SAL22655,13,0
SAL22656,227,250
SAL22657,94,235
SAL22658,0,0
SAL22659,11,0
SAL22660,12,0
SAL22661,15004,360
SAL22662,42,150
SAL22663,1515,325
SAL22664,28,89
SAL22665,262,331
SAL22666,157,120
SAL22667,171,125
SAL22668,191,160
SAL22669,2195,410
SAL22670,67,163
SAL22671,522,275
SAL22672,408,316
SAL22673,3132,368
SAL22674,41,150
SAL22675,96,100
SAL22676,1477,305
SAL22677,0,0
SAL22678,217,375
SAL22679,8,0
SAL22680,19214,260
SAL22681,550,250
SAL22682,11,0
SAL22683,237,280
SAL22684,124,100
SAL22685,14237,428
SAL22686,20754,441
SAL22687,314,200
SAL22688,48,2358
SAL22689,2020,290
SAL22690,72,150
SAL22691,53,231
SAL22692,31,0
SAL22693,146,300
SAL22694,13,0
SAL22695,565,336
SAL22696,42,135
SAL22697,2359,180
SAL22698,19856,321
SAL22699,280,300
SAL22700,33,380
SAL22701,68,275
SAL22702,5541,492
SAL22703,671,500
SAL22704,4820,423
SAL22705,50,120
SAL22706,144,254
SAL22707,721,229
SAL22708,16,155
SAL22709,204,310
SAL22710,31308,290
SAL22711,46,140
SAL22712,77,190
SAL22713,88,140
SAL22714,124,175
SAL22715,29,150
SAL22716,43,50
SAL22717,217,285
SAL22718,12,0
SAL22719,122,165
SAL22720,2422,623
SAL22721,5352,385
SAL22722,3799,401
SAL22723,58,542
SAL22724,250,204
SAL22725,0,0
SAL22726,104,0
SAL22727,1911,420
SAL22728,11,0
SAL22729,308,200
SAL22730,4956,430
SAL22731,20,0
SAL22732,52,205
SAL22733,951,174
SAL22734,20,0
SAL22735,31,263
SAL22736,15,175
SAL22737,62,220
SAL22738,121,200
SAL22739,41,125
SAL22740,4348,352
SAL22741,144,200
SAL22742,210,327
SAL22743,361,220
SAL22744,128,135
SAL22745,10376,250
SAL22746,95,400
SAL22747,0,0
SAL22748,66,153
SAL22749,43,115
SAL22750,50027,330
SAL22751,2392,350
SAL22752,97,90
SAL22753,1052,350
SAL22754,378,235
SAL22755,113,210
SAL22756,11729,351
SAL22757,8025,388
SAL22758,14794,290
SAL22759,163,300
SAL22760,27,150
SAL22761,6502,360
SAL22762,62,35
SAL22763,130,270
SAL22764,483,275
SAL22765,252,266
SAL22766,20652,481
SAL22767,18,0
SAL22768,25,0
SAL22769,3620,300
SAL22770,347,295
SAL22771,30,250
SAL22772,220,200
SAL22773,37,275
SAL22774,3990,250
SAL22775,6117,347
SAL22776,25,0
SAL22777,383,268
SAL22778,92,250
SAL22779,64,400
SAL22780,45,381
SAL22781,123,125
SAL22782,192,130
SAL22783,78,0
SAL22784,244,550
SAL22785,28,0
SAL22786,35,250
SAL22787,53,225
SAL22788,439,155
SAL22789,33,0
SAL22790,17,0
SAL22791,9448,420
SAL22792,14407,450
SAL22793,1622,400
SAL22794,654,243
SAL22795,241,300
SAL22796,10,0
SAL22797,77,300
SAL22798,146,350
SAL22799,88,175
SAL22800,16,100
SAL22801,421,330
SAL22802,2456,295
SAL22803,171,200
SAL22804,96,200
SAL22805,7273,411
SAL22806,4,0
SAL22807,26,235
SAL22808,18,0
SAL22809,0,160
SAL22810,8,0
SAL22811,14,0
SAL22812,127,180
SAL22813,436,220
SAL22814,3440,390
SAL22815,103,308
SAL22816,8,115
SAL22817,3,0
SAL22818,177,245
SAL22819,20259,280
SAL22820,24407,391
SAL22821,26,390
SAL22822,49,111
SAL22823,196,250
SAL22824,44,250
SAL22825,3843,491
SAL22826,47,148
SAL22827,0,0
SAL22828,0,0
SAL22829,5215,270
SAL22830,114,345
SAL22831,39,263
SAL22832,91,220
SAL22833,6732,400
SAL22834,315,630
SAL22835,62,276
SAL22836,436,300
SAL22837,52,615
SAL22838,34,450
SAL22839,126,220
SAL22840,33,92
SAL22841,374,260
SAL22842,114,236
SAL22843,150,390
SAL22844,36,295
SAL22845,45,300
SAL22846,556,350
SAL22847,55,160
SAL22848,245,290
SAL22849,0,0
SAL22850,13,0
SAL22851,364,200
SAL22852,191,100
SAL22853,342,110
SAL22854,43,240
SAL22855,48,230
SAL22856,91,300
SAL22857,2964,346
SAL22858,262,300
SAL22859,94,165
SAL22860,404,175
SAL22861,160,125
SAL22862,26,0
SAL22863,12,125
SAL22864,32,0
SAL22865,0,0
SAL22866,0,0
SAL22867,0,0
SAL22868,0,0
SAL22869,86,175
SAL22870,18,0
SAL22871,12,0
SAL22872,0,0
SAL22873,326,250
SAL22874,147,115
SAL22875,1177,250
SAL22876,1940,278
SAL22877,610,150
SAL22878,6,0
SAL22879,29,0
SAL22880,18,0
SAL22881,67,301
SAL22882,40,200
SAL22883,20518,343
SAL22884,278,138
SAL22885,106,1000
SAL22886,75,50
SAL22887,104,175
SAL22888,32,323
SAL22889,2008,306
SAL22890,222,250
SAL22891,13,181
SAL22892,4161,340
SAL22893,143,295
SAL22894,1511,220
SAL22895,0,0
SAL22896,284,255
SAL22897,109,210
SAL22898,246,388
SAL22899,69,75
SAL22900,283,220
SAL22901,45,200
SAL22902,181,285
SAL22903,44,0
SAL22904,113,170
SAL22905,0,0
SAL22906,272,200
SAL22907,272,160
SAL22908,194,200
SAL22909,63,190
SAL22910,3012,380
SAL22911,2875,300
SAL22912,17,0
SAL22913,1893,320
SAL22914,204,345
SAL22915,2136,225
SAL22916,1602,450
SAL22917,15636,462
SAL22918,78,150
SAL22919,8661,290
SAL22920,15,160
SAL22921,551,215
SAL22922,35,231
SAL22923,5,0
SAL22924,1789,300
SAL22925,582,340
SAL22926,325,185
SAL22927,320,200
SAL22928,124,308
SAL22929,107,180
SAL22930,138,0
SAL22931,34,0
SAL22932,11,100
SAL22933,93,300
SAL22934,1021,245
SAL22935,675,250
SAL22936,0,0
SAL22937,56,110
SAL22938,34,180
SAL22939,128,300
SAL22940,52,239
SAL22941,123,278
SAL22942,49,84
SAL22943,147,230
SAL22944,0,0
SAL29494,9089,0
SAL29797,38,0